feature_set,model,n_feat,train_cv,valid,test_B2,bias_B2,test_B3,bias_B3,sec
logvar_only,Dummy (평균),1,15.099350925684801,22.231092683829864,59.07780616296442,51.77932874094583,24.33397034127949,-21.343365351105657,0.0
logvar_only,Linear,1,8.849483427836482,8.465082786511324,28.5594717748004,28.144419533552707,12.81406536531964,1.5817235121401163,0.0
logvar_only,ElasticNet,1,8.84897066689715,8.484991478777685,28.6050670931752,28.186656087607957,12.795778109638468,1.515421446306976,0.9
logvar_only,GPR,1,9.134111590593582,10.984384512921764,29.22233853465005,26.86917912598701,16.283045587475325,-8.454906419132053,0.1
logvar_only,RandomForest,1,11.05676078960097,8.566660333451878,29.33314424597616,26.941497988528596,16.436350866888638,-7.861429150295865,6.9
logvar_only,GradientBoosting,1,10.148858682657647,8.802331478363614,31.057751654070913,29.188954376228093,15.375074410908693,-7.654935966715534,3.0
paper_discharge,Dummy (평균),6,15.099350925684801,22.231092683829864,59.07780616296442,51.77932874094583,24.33397034127949,-21.343365351105657,0.0
paper_discharge,Linear,6,7.241069684949532,6.433637816851954,22.43300931420987,18.382344129436877,12.644685192363566,-5.266516244349926,0.0
paper_discharge,ElasticNet,6,7.074898474205633,6.263705035131754,25.789450281151865,25.197578552565886,14.672846392399745,-10.16365900007575,0.9
paper_discharge,GPR,6,6.709074352432241,6.980485104703166,25.615160448934756,24.46147535774903,13.24341035791321,-8.694100027061525,0.1
paper_discharge,RandomForest,6,10.423366437906946,10.40987683779167,31.433875379954507,28.995952912043048,16.904224165920645,-10.318467007542536,7.0
paper_discharge,GradientBoosting,6,11.007085787055535,7.979081118368018,29.00723832003288,26.585411194168696,17.86999439339479,-11.968152241030362,3.1
day1_selected,Dummy (평균),4,15.099350925684801,22.231092683829864,59.07780616296442,51.77932874094583,24.33397034127949,-21.343365351105657,0.0
day1_selected,Linear,4,10.322055368889913,10.95401172411361,31.21075249007817,30.96294274520942,14.619319638521905,4.4256929761412405,0.0
day1_selected,ElasticNet,4,9.570261702085672,11.56644421408844,31.23390063586197,30.707105446616485,12.169065957805062,-1.6431531149082979,0.9
day1_selected,GPR,4,11.499173024795006,14.466740905853067,34.717438295074416,32.93578391117073,15.767090673301286,-7.975064155688871,0.1
day1_selected,RandomForest,4,9.963667634706644,10.274998092141384,29.88834832123709,27.19782488447615,17.602714227268752,-9.250448969949577,7.0
day1_selected,GradientBoosting,4,10.89793342112599,14.196983246763425,31.85646470285176,28.444609995066134,17.5336638256171,-11.877108933944855,3.1
b1_selected,Dummy (평균),3,15.099350925684801,22.231092683829864,59.07780616296442,51.77932874094583,24.33397034127949,-21.343365351105657,0.0
b1_selected,Linear,3,8.13118285703047,16.04016926863423,31.167933076543203,30.85999707213731,12.405101547997122,-0.4593866074881003,0.0
b1_selected,ElasticNet,3,8.81701190446052,15.9961041530944,31.233887851651872,30.70709370815589,12.169068062616793,-1.6431392061043506,1.0
b1_selected,GPR,3,10.254628527273303,15.891811943082171,36.593237030163884,34.60991010746341,14.00575831339854,-6.696349203162137,0.1
b1_selected,RandomForest,3,10.106949075788402,10.476461326788385,29.60986473441664,26.557508649837335,17.00802700207892,-9.865982302106971,8.1
b1_selected,GradientBoosting,3,10.620667467274803,14.905968612795316,31.490359090200847,28.69582638704582,17.016574931845973,-11.034669283278992,3.6
