feature,r_train,KS_B2,std_ratio_B2,KS_B3,std_ratio_B3,relevant,transfer_ok,selected,status
log_var,-0.808,0.58,1.773,0.704,1.315,True,True,True,선택
log_abs_min,-0.79,0.58,1.723,0.681,1.641,True,True,False,중복 (|r| ≥ 0.7)
log_abs_mean,-0.741,0.554,1.607,0.669,2.073,True,True,False,중복 (|r| ≥ 0.7)
dq_at_2V,0.713,0.537,1.731,0.553,0.965,True,True,False,중복 (|r| ≥ 0.7)
slope_2_100,0.635,0.487,1.993,0.207,1.375,True,True,False,중복 (|r| ≥ 0.7)
slope_91_100,0.616,0.667,3.236,0.451,1.163,True,True,True,선택
chargetime_2_6,0.523,0.63,0.078,0.726,0.433,True,False,False,테스트 배치에서 분포 이동/상수
skew,-0.523,0.434,1.456,0.2,2.757,True,True,False,중복 (|r| ≥ 0.7)
C2,-0.488,0.88,1.093,0.886,0.928,True,False,False,테스트 배치에서 분포 이동/상수
IR_min,0.459,0.238,1.735,0.886,1.62,True,False,False,테스트 배치에서 분포 이동/상수
Qmax_minus_Q2,0.408,0.434,3.16,0.207,0.644,True,True,False,중복 (|r| ≥ 0.7)
C1,-0.4,0.718,0.687,0.655,0.604,True,True,True,선택
Q100,0.355,0.7,1.447,0.77,1.055,True,False,False,테스트 배치에서 분포 이동/상수
Q1,-0.214,0.213,1.405,0.236,1.397,False,True,False,약함 (|r| < 0.3)
kurtosis,-0.162,0.375,3.196,0.612,18.608,False,True,False,약함 (|r| < 0.3)
Tmin_min,0.157,0.133,1.995,0.852,1.662,False,False,False,약함 (|r| < 0.3)
IR2,0.156,0.325,1.217,0.863,1.024,False,False,False,약함 (|r| < 0.3)
IR_diff,0.152,0.456,0.557,0.633,0.203,False,False,False,약함 (|r| < 0.3)
Q2,0.109,0.743,1.181,0.748,0.845,False,True,False,약함 (|r| < 0.3)
Tmax_max,-0.026,0.205,1.297,0.316,1.455,False,True,False,약함 (|r| < 0.3)
Tavg_mean,-0.024,0.195,1.51,0.591,1.686,False,True,False,약함 (|r| < 0.3)
