cell_id,set,y,pred,policy,protocol,newstructure,ape,signed
B1_09,B1 CV,1054.0,880.1405436483058,5.4C(40%)-3.6C,5.4C(40%)-3.6C,0,16.495204587447272,-16.495204587447272
B1_11,B1 CV,788.0,811.8763192353033,5.4C(50%)-3C,5.4C(50%)-3C,0,3.0299897506730074,3.0299897506730074
B1_14,B1 CV,880.0,884.7673605968304,5.4C(60%)-3C,5.4C(60%)-3C,0,0.5417455223670877,0.5417455223670877
B1_15,B1 CV,719.0,817.7708189802312,5.4C(60%)-3C,5.4C(60%)-3C,0,13.737248815053015,13.737248815053015
B1_16,B1 CV,862.0,995.6616336514819,5.4C(60%)-3.6C,5.4C(60%)-3.6C,0,15.505989982770522,15.505989982770522
B1_17,B1 CV,857.0,843.1200322551642,5.4C(60%)-3.6C,5.4C(60%)-3.6C,0,1.6195995034814197,-1.6195995034814197
B1_18,B1 CV,691.0,637.1193659305001,5.4C(70%)-3C,5.4C(70%)-3C,0,7.797486840738052,-7.797486840738052
B1_19,B1 CV,788.0,725.6341622699965,5.4C(70%)-3C,5.4C(70%)-3C,0,7.914446412436989,-7.914446412436989
B1_20,B1 CV,534.0,439.71356605464354,5.4C(80%)-5.4C,5.4C(80%)-5.4C,0,17.65663557029147,-17.65663557029147
B1_21,B1 CV,559.0,519.7978888237883,5.4C(80%)-5.4C,5.4C(80%)-5.4C,0,7.0129000315226655,-7.0129000315226655
B1_23,B1 CV,1014.0,915.2115288065296,6C(30%)-3.6C,6C(30%)-3.6C,0,9.742452780421143,-9.742452780421143
B1_24,B1 CV,1017.0,847.1981069382336,6C(40%)-3C,6C(40%)-3C,0,16.696351333507018,-16.696351333507018
B1_25,B1 CV,854.0,905.3173912894562,6C(40%)-3C,6C(40%)-3C,0,6.009062211880114,6.009062211880114
B1_26,B1 CV,870.0,832.468010152911,6C(40%)-3.6C,6C(40%)-3.6C,0,4.314021821504482,-4.314021821504482
B1_27,B1 CV,842.0,805.9825222992685,6C(40%)-3.6C,6C(40%)-3.6C,0,4.27761017823415,-4.27761017823415
B1_28,B1 CV,860.0,796.1167046739064,6C(50%)-3C,6C(50%)-3C,0,7.428290154196931,-7.428290154196931
B1_29,B1 CV,917.0,805.9266579844655,6C(50%)-3C,6C(50%)-3C,0,12.112687242697334,-12.112687242697334
B1_30,B1 CV,709.0,782.0192081527505,6C(50%)-3.6C,6C(50%)-3.6C,0,10.298901008850562,10.298901008850562
B1_31,B1 CV,876.0,879.0283616200715,6C(50%)-3.6C,6C(50%)-3.6C,0,0.34570338128669525,0.34570338128669525
B1_32,B1 CV,731.0,709.6046735656845,6C(60%)-3C,6C(60%)-3C,0,2.9268572413564304,-2.9268572413564304
B1_33,B1 CV,757.0,782.3458629904276,6C(60%)-3C,6C(60%)-3C,0,3.34819854563112,3.34819854563112
B1_34,B1 CV,742.0,759.8610067402848,7C(30%)-3.6C,7C(30%)-3.6C,0,2.407143765537032,2.407143765537032
B1_35,B1 CV,703.0,744.7205206223866,7C(30%)-3.6C,7C(30%)-3.6C,0,5.934640202330957,5.934640202330957
B1_36,B1 CV,704.0,717.5428494474634,7C(40%)-3C,7C(40%)-3C,0,1.923700205605592,1.923700205605592
B1_37,B1 CV,648.0,696.8397688843743,7C(40%)-3C,7C(40%)-3C,0,7.537001371045413,7.537001371045413
B1_42,B1 CV,702.0,742.3277997114565,8C(25%)-3.6C,8C(25%)-3.6C,0,5.744700813597787,5.744700813597787
B1_43,B1 CV,651.0,699.7926799135273,8C(25%)-3.6C,8C(25%)-3.6C,0,7.495035316978081,7.495035316978081
B1_44,B1 CV,616.0,627.3335074772058,8C(35%)-3.6C,8C(35%)-3.6C,0,1.839855109936004,1.839855109936004
B1_45,B1 CV,599.0,619.836790343004,8C(35%)-3.6C,8C(35%)-3.6C,0,3.4785960505849842,3.4785960505849842
B1_05,B1 Hold-out,1074.0,1002.9141061310844,4.4C(80%)-4.4C,4.4C(80%)-4.4C,0,6.618798311817096,-6.618798311817096
B1_06,B1 Hold-out,636.0,749.1048414618392,4.8C(80%)-4.8C,4.8C(80%)-4.8C,0,17.783780104062767,17.783780104062767
B1_07,B1 Hold-out,870.0,874.7839388659977,4.8C(80%)-4.8C,4.8C(80%)-4.8C,0,0.549878030574448,0.549878030574448
B1_38,B1 Hold-out,617.0,586.0144295764256,7C(40%)-3.6C,7C(40%)-3.6C,0,5.021972515976395,-5.021972515976395
B1_39,B1 Hold-out,625.0,646.1082409893805,7C(40%)-3.6C,7C(40%)-3.6C,0,3.3773185583008853,3.3773185583008853
B1_40,B1 Hold-out,966.0,991.5122752111088,8C(15%)-3.6C,8C(15%)-3.6C,0,2.6410222785826885,2.6410222785826885
B1_41,B1 Hold-out,1051.0,968.463231156151,8C(15%)-3.6C,8C(15%)-3.6C,0,7.8531654466079,-7.8531654466079
B2_00,B2,477.0,657.7517270010158,5.2C(58%)-4C,5.2C(58%)-4C,0,37.89344381572657,37.89344381572657
B2_01,B2,491.0,608.2271100954724,5.6C(26%)-4.5C,5.6C(26%)-4.5C,0,23.875175172193973,23.875175172193973
B2_02,B2,424.0,564.5200230831083,5.2C(50%)-4.25C,5.2C(50%)-4.25C,0,33.14151487809158,33.14151487809158
B2_03,B2,499.0,512.1823042296215,4.65C(44%)-5C,4.65C(44%)-5C,0,2.6417443345934943,2.6417443345934943
B2_04,B2,444.0,568.7809494303107,4.65C(69%)-6C,4.65C(69%)-6C,0,28.10381743925916,28.10381743925916
B2_05,B2,416.0,497.41737945619013,3.6C(30%)-6C,3.6C(30%)-6C,0,19.571485446199553,19.571485446199553
B2_06,B2,393.0,538.0501903645008,3.6C(9%)-5C,3.6C(9%)-5C,0,36.90844538536917,36.90844538536917
B2_07,B2,777.0,1103.4982144029798,4.8C(80%)-4.8C-newstructure,4.8C(80%)-4.8C,1,42.02036221402572,42.02036221402572
B2_08,B2,904.0,991.3696167783163,5.2C(58%)-4C-newstructure,5.2C(58%)-4C,1,9.664780617070388,9.664780617070388
B2_09,B2,791.0,1222.898527620209,5.6C(26%)-4.5C-newstructure,5.6C(26%)-4.5C,1,54.60158376993793,54.60158376993793
B2_10,B2,492.0,632.1649063694327,4.8C(80%)-4.8C,4.8C(80%)-4.8C,0,28.48880210760828,28.48880210760828
B2_11,B2,449.0,507.7786380011422,5.2C(50%)-4.25C,5.2C(50%)-4.25C,0,13.091010690677551,13.091010690677551
B2_12,B2,466.0,506.342606792921,4.65C(44%)-5C,4.65C(44%)-5C,0,8.657211758137555,8.657211758137555
B2_13,B2,460.0,603.1058802718491,4.65C(69%)-6C,4.65C(69%)-6C,0,31.1099739721411,31.1099739721411
B2_14,B2,426.0,474.97972220024116,3.6C(30%)-6C,3.6C(30%)-6C,0,11.49758737094863,11.49758737094863
B2_15,B2,396.0,502.73701882902515,3.6C(9%)-5C,3.6C(9%)-5C,0,26.953792633592208,26.953792633592208
B2_16,B2,472.0,673.9022566142717,4.8C(80%)-4.8C,4.8C(80%)-4.8C,0,42.77590182505756,42.77590182505756
B2_17,B2,471.0,633.820032346851,5.6C(26%)-4.5C,5.6C(26%)-4.5C,0,34.56900899083885,34.56900899083885
B2_18,B2,449.0,596.0015028434412,5.2C(50%)-4.25C,5.2C(50%)-4.25C,0,32.739755644418985,32.739755644418985
B2_19,B2,392.0,507.9675447834527,6C(60%)-3C,6C(60%)-3C,0,29.583557342717523,29.583557342717523
B2_20,B2,489.0,552.2614557616203,5.2C(58%)-4C,5.2C(58%)-4C,0,12.936903018736249,12.936903018736249
B2_21,B2,408.0,559.2003032944222,6C(60%)-3C,6C(60%)-3C,0,37.05889786627994,37.05889786627994
B2_24,B2,514.0,652.7494054081122,4.8C(80%)-4.8C,4.8C(80%)-4.8C,0,26.994047744768917,26.994047744768917
B2_25,B2,493.0,641.9894635347079,5.2C(58%)-4C,5.2C(58%)-4C,0,30.22098651819632,30.22098651819632
B2_26,B2,450.0,593.8157379726546,5.6C(26%)-4.5C,5.6C(26%)-4.5C,0,31.959052882812127,31.959052882812127
B2_27,B2,474.0,551.3748800793006,5.2C(50%)-4.25C,5.2C(50%)-4.25C,0,16.32381436272165,16.32381436272165
B2_28,B2,437.0,531.7952248537166,4.8C(80%)-4.8C,4.8C(80%)-4.8C,0,21.692271133573595,21.692271133573595
B2_29,B2,452.0,522.3935201765203,5.2C(58%)-4C,5.2C(58%)-4C,0,15.573787649672626,15.573787649672626
B2_30,B2,412.0,523.4373835821673,5.6C(26%)-4.5C,5.6C(26%)-4.5C,0,27.04790863644837,27.04790863644837
B2_31,B2,425.0,586.8469887004937,5.6C(26%)-4.5C,5.6C(26%)-4.5C,0,38.081644400116176,38.081644400116176
B2_32,B2,809.0,985.8465051510391,4.8C(80%)-4.8C-newstructure,4.8C(80%)-4.8C,1,21.85988938826194,21.85988938826194
B2_33,B2,1140.0,1041.347949496397,5.2C(58%)-4C-newstructure,5.2C(58%)-4C,1,8.653688640666935,-8.653688640666935
B2_34,B2,1186.0,1151.75057260823,5.6C(26%)-4.5C-newstructure,5.6C(26%)-4.5C,1,2.8878100667597,-2.8878100667597
B2_41,B2,442.0,508.63673288547415,5.6C(26%)-4.5C,5.6C(26%)-4.5C,0,15.076183910740758,15.076183910740758
B2_42,B2,474.0,541.75960521591,5.2C(50%)-4.25C,5.2C(50%)-4.25C,0,14.295275362006336,14.295275362006336
B2_43,B2,1029.0,1222.8397879778315,4.8C(80%)-4.8C-newstructure,4.8C(80%)-4.8C,1,18.8376859064948,18.8376859064948
B2_44,B2,841.0,1400.7728878400133,5.2C(58%)-4C-newstructure,5.2C(58%)-4C,1,66.56039094411572,66.56039094411572
B2_45,B2,997.0,1179.8850865586057,5.6C(26%)-4.5C-newstructure,5.6C(26%)-4.5C,1,18.343539273681618,18.343539273681618
B2_46,B2,503.0,671.4840140868331,4.8C(80%)-4.8C,4.8C(80%)-4.8C,0,33.49582785026503,33.49582785026503
B3_00,B3,1009.0,1017.4999639138728,5C(67%)-4C-newstructure,5C(67%)-4C,1,0.8424146594522063,0.8424146594522063
B3_01,B3,1063.0,1046.0224131829273,5.3C(54%)-4C-newstructure,5.3C(54%)-4C,1,1.5971389291695892,-1.5971389291695892
B3_02,B3,1267.0,680.9021285159674,5.6C(19%)-4.6C-newstructure,5.6C(19%)-4.6C,1,46.25871124578,-46.25871124578
B3_03,B3,1115.0,875.722919739703,5.6C(36%)-4.3C-newstructure,5.6C(36%)-4.3C,1,21.459827826035607,-21.459827826035607
B3_04,B3,1048.0,998.1787840516173,5.6C(19%)-4.6C-newstructure,5.6C(19%)-4.6C,1,4.753932819502166,-4.753932819502166
B3_05,B3,828.0,886.2740986150324,5.6C(36%)-4.3C-newstructure,5.6C(36%)-4.3C,1,7.037934615342072,7.037934615342072
B3_06,B3,667.0,544.0282669797517,3.7C(31%)-5.9C-newstructure,3.7C(31%)-5.9C,1,18.436541682196143,-18.436541682196143
B3_07,B3,1836.0,1257.5049454805646,4.8C(80%)-4.8C-newstructure,4.8C(80%)-4.8C,1,31.508445235263363,-31.508445235263363
B3_08,B3,828.0,911.8805213458288,5C(67%)-4C-newstructure,5C(67%)-4C,1,10.130497747080776,10.130497747080776
B3_09,B3,1039.0,877.6923283304266,5.3C(54%)-4C-newstructure,5.3C(54%)-4C,1,15.525281200151436,-15.525281200151436
B3_10,B3,1078.0,1144.390574571736,4.8C(80%)-4.8C-newstructure,4.8C(80%)-4.8C,1,6.158680386988488,6.158680386988488
B3_11,B3,817.0,803.7791099719062,5.6C(19%)-4.6C-newstructure,5.6C(19%)-4.6C,1,1.618223993646729,-1.618223993646729
B3_12,B3,932.0,886.3150204479581,5.6C(36%)-4.3C-newstructure,5.6C(36%)-4.3C,1,4.901821840347845,-4.901821840347845
B3_13,B3,816.0,898.8329268970662,5.6C(19%)-4.6C-newstructure,5.6C(19%)-4.6C,1,10.151093982483598,10.151093982483598
B3_14,B3,858.0,895.1077235448587,5.6C(36%)-4.3C-newstructure,5.6C(36%)-4.3C,1,4.324909504062784,4.324909504062784
B3_15,B3,876.0,890.9192371126151,5.9C(15%)-4.6C-newstructure,5.9C(15%)-4.6C,1,1.7031092594309434,1.7031092594309434
B3_16,B3,1638.0,1314.9120554546523,4.8C(80%)-4.8C-newstructure,4.8C(80%)-4.8C,1,19.724538739032216,-19.724538739032216
B3_17,B3,1315.0,1123.4044724589178,5.3C(54%)-4C-newstructure,5.3C(54%)-4C,1,14.570002094378877,-14.570002094378877
B3_18,B3,1146.0,1038.5437936946723,5.6C(19%)-4.6C-newstructure,5.6C(19%)-4.6C,1,9.376632312855817,-9.376632312855817
B3_19,B3,1155.0,1021.0648961655479,5.6C(36%)-4.3C-newstructure,5.6C(36%)-4.3C,1,11.596112886099748,-11.596112886099748
B3_20,B3,813.0,888.7742388272025,5C(67%)-4C-newstructure,5C(67%)-4C,1,9.320324578991691,9.320324578991691
B3_21,B3,772.0,639.7660567130278,3.7C(31%)-5.9C-newstructure,3.7C(31%)-5.9C,1,17.12874913043682,-17.12874913043682
B3_22,B3,1002.0,851.7293816127684,5.9C(60%)-3.1C-newstructure,5.9C(60%)-3.1C,1,14.997067703316526,-14.997067703316526
B3_24,B3,825.0,838.1459136447794,5C(67%)-4C-newstructure,5C(67%)-4C,1,1.5934440781550785,1.5934440781550785
B3_25,B3,989.0,870.939317192237,5.3C(54%)-4C-newstructure,5.3C(54%)-4C,1,11.937379454778867,-11.937379454778867
B3_26,B3,1028.0,995.7598468547673,5.6C(19%)-4.6C-newstructure,5.6C(19%)-4.6C,1,3.136201667824196,-3.136201667824196
B3_27,B3,850.0,882.2104452821005,5.6C(36%)-4.3C-newstructure,5.6C(36%)-4.3C,1,3.7894641508353555,3.7894641508353555
B3_28,B3,541.0,493.1859948369041,3.7C(31%)-5.9C-newstructure,3.7C(31%)-5.9C,1,8.838078588372621,-8.838078588372621
B3_29,B3,858.0,857.4811731170099,5.9C(15%)-4.6C-newstructure,5.9C(15%)-4.6C,1,0.060469333681827914,-0.060469333681827914
B3_30,B3,935.0,915.082182148681,5.3C(54%)-4C-newstructure,5.3C(54%)-4C,1,2.1302478985367914,-2.1302478985367914
B3_31,B3,731.0,772.694986158173,5.9C(60%)-3.1C-newstructure,5.9C(60%)-3.1C,1,5.703828475810265,5.703828475810265
B3_33,B3,1284.0,1081.0681039597812,5C(67%)-4C-newstructure,5C(67%)-4C,1,15.804664800640095,-15.804664800640095
B3_34,B3,1158.0,1052.0357170004197,5.3C(54%)-4C-newstructure,5.3C(54%)-4C,1,9.15062892915201,-9.15062892915201
B3_35,B3,1093.0,1015.6569428102104,5.6C(19%)-4.6C-newstructure,5.6C(19%)-4.6C,1,7.076217492203994,-7.076217492203994
B3_36,B3,923.0,958.7581064889317,5.6C(36%)-4.3C-newstructure,5.6C(36%)-4.3C,1,3.8741177127770023,3.8741177127770023
B3_37,B3,1390.0,535.2818265138228,4.8C(80%)-4.8C-newstructure,4.8C(80%)-4.8C,1,61.49051607814225,-61.49051607814225
B3_38,B3,1935.0,1161.0312415260312,5C(67%)-4C-newstructure,5C(67%)-4C,1,39.998385450851096,-39.998385450851096
B3_39,B3,1156.0,1004.0525223797644,5.3C(54%)-4C-newstructure,5.3C(54%)-4C,1,13.144245468878516,-13.144245468878516
B3_40,B3,796.0,986.2485146895003,5.6C(19%)-4.6C-newstructure,5.6C(19%)-4.6C,1,23.90056717204778,23.90056717204778
B3_41,B3,786.0,865.0337352649165,5.6C(36%)-4.3C-newstructure,5.6C(36%)-4.3C,1,10.055182603678938,10.055182603678938
B3_42,B3,1642.0,387.5697861968575,4.8C(80%)-4.8C-newstructure,4.8C(80%)-4.8C,1,76.39648074318774,-76.39648074318774
B3_43,B3,1046.0,659.8358787656498,5C(67%)-4C-newstructure,5C(67%)-4C,1,36.91817602622851,-36.91817602622851
B3_44,B3,940.0,945.7956048175104,5.3C(54%)-4C-newstructure,5.3C(54%)-4C,1,0.6165537039904645,0.6165537039904645
B3_45,B3,1801.0,1317.1001328614946,4.8C(80%)-4.8C-newstructure,4.8C(80%)-4.8C,1,26.86839906377043,-26.86839906377043
