cell_id,set,pred,batch,policy,protocol,newstructure,cycle_life,censored,ape,signed
batch1_9,B1 CV,880.1405436483049,batch1,5.4C(40%)-3.6C,5.4C(40%)-3.6C,0,1054.0,False,16.495204587447358,-16.495204587447358
batch1_11,B1 CV,811.8763192353033,batch1,5.4C(50%)-3C,5.4C(50%)-3C,0,788.0,False,3.0299897506730074,3.0299897506730074
batch1_14,B1 CV,884.7673605968304,batch1,5.4C(60%)-3C,5.4C(60%)-3C,0,880.0,False,0.5417455223670877,0.5417455223670877
batch1_15,B1 CV,817.7708189802303,batch1,5.4C(60%)-3C,5.4C(60%)-3C,0,719.0,False,13.737248815052888,13.737248815052888
batch1_16,B1 CV,995.6616336514819,batch1,5.4C(60%)-3.6C,5.4C(60%)-3.6C,0,862.0,False,15.505989982770522,15.505989982770522
batch1_17,B1 CV,843.1200322551642,batch1,5.4C(60%)-3.6C,5.4C(60%)-3.6C,0,857.0,False,1.6195995034814197,-1.6195995034814197
batch1_18,B1 CV,637.1193659305001,batch1,5.4C(70%)-3C,5.4C(70%)-3C,0,691.0,False,7.797486840738052,-7.797486840738052
batch1_19,B1 CV,725.6341622699965,batch1,5.4C(70%)-3C,5.4C(70%)-3C,0,788.0,False,7.914446412436989,-7.914446412436989
batch1_20,B1 CV,439.71356605464354,batch1,5.4C(80%)-5.4C,5.4C(80%)-5.4C,0,534.0,False,17.65663557029147,-17.65663557029147
batch1_21,B1 CV,519.7978888237883,batch1,5.4C(80%)-5.4C,5.4C(80%)-5.4C,0,559.0,False,7.0129000315226655,-7.0129000315226655
batch1_23,B1 CV,915.2115288065296,batch1,6C(30%)-3.6C,6C(30%)-3.6C,0,1014.0,False,9.742452780421143,-9.742452780421143
batch1_24,B1 CV,847.1981069382336,batch1,6C(40%)-3C,6C(40%)-3C,0,1017.0,False,16.696351333507018,-16.696351333507018
batch1_25,B1 CV,905.3173912894553,batch1,6C(40%)-3C,6C(40%)-3C,0,854.0,False,6.009062211880007,6.009062211880007
batch1_26,B1 CV,832.468010152911,batch1,6C(40%)-3.6C,6C(40%)-3.6C,0,870.0,False,4.314021821504482,-4.314021821504482
batch1_27,B1 CV,805.9825222992685,batch1,6C(40%)-3.6C,6C(40%)-3.6C,0,842.0,False,4.27761017823415,-4.27761017823415
batch1_28,B1 CV,796.1167046739072,batch1,6C(50%)-3C,6C(50%)-3C,0,860.0,False,7.42829015419684,-7.42829015419684
batch1_29,B1 CV,805.9266579844663,batch1,6C(50%)-3C,6C(50%)-3C,0,917.0,False,12.112687242697247,-12.112687242697247
batch1_30,B1 CV,782.0192081527505,batch1,6C(50%)-3.6C,6C(50%)-3.6C,0,709.0,False,10.298901008850562,10.298901008850562
batch1_31,B1 CV,879.0283616200705,batch1,6C(50%)-3.6C,6C(50%)-3.6C,0,876.0,False,0.34570338128659145,0.34570338128659145
batch1_32,B1 CV,709.6046735656845,batch1,6C(60%)-3C,6C(60%)-3C,0,731.0,False,2.9268572413564304,-2.9268572413564304
batch1_33,B1 CV,782.3458629904276,batch1,6C(60%)-3C,6C(60%)-3C,0,757.0,False,3.34819854563112,3.34819854563112
batch1_34,B1 CV,759.8610067402848,batch1,7C(30%)-3.6C,7C(30%)-3.6C,0,742.0,False,2.407143765537032,2.407143765537032
batch1_35,B1 CV,744.7205206223866,batch1,7C(30%)-3.6C,7C(30%)-3.6C,0,703.0,False,5.934640202330957,5.934640202330957
batch1_36,B1 CV,717.5428494474634,batch1,7C(40%)-3C,7C(40%)-3C,0,704.0,False,1.923700205605592,1.923700205605592
batch1_37,B1 CV,696.8397688843743,batch1,7C(40%)-3C,7C(40%)-3C,0,648.0,False,7.537001371045413,7.537001371045413
batch1_42,B1 CV,742.3277997114565,batch1,8C(25%)-3.6C,8C(25%)-3.6C,0,702.0,False,5.744700813597787,5.744700813597787
batch1_43,B1 CV,699.7926799135273,batch1,8C(25%)-3.6C,8C(25%)-3.6C,0,651.0,False,7.495035316978081,7.495035316978081
batch1_44,B1 CV,627.3335074772058,batch1,8C(35%)-3.6C,8C(35%)-3.6C,0,616.0,False,1.839855109936004,1.839855109936004
batch1_45,B1 CV,619.836790343004,batch1,8C(35%)-3.6C,8C(35%)-3.6C,0,599.0,False,3.4785960505849842,3.4785960505849842
batch1_5,B1 Hold-out,1002.9141061310844,batch1,4.4C(80%)-4.4C,4.4C(80%)-4.4C,0,1074.0,False,6.618798311817096,-6.618798311817096
batch1_6,B1 Hold-out,749.1048414618392,batch1,4.8C(80%)-4.8C,4.8C(80%)-4.8C,0,636.0,False,17.783780104062767,17.783780104062767
batch1_7,B1 Hold-out,874.7839388659977,batch1,4.8C(80%)-4.8C,4.8C(80%)-4.8C,0,870.0,False,0.549878030574448,0.549878030574448
batch1_38,B1 Hold-out,586.0144295764251,batch1,7C(40%)-3.6C,7C(40%)-3.6C,0,617.0,False,5.021972515976487,-5.021972515976487
batch1_39,B1 Hold-out,646.1082409893799,batch1,7C(40%)-3.6C,7C(40%)-3.6C,0,625.0,False,3.377318558300776,3.377318558300776
batch1_40,B1 Hold-out,991.5122752111088,batch1,8C(15%)-3.6C,8C(15%)-3.6C,0,966.0,False,2.6410222785826885,2.6410222785826885
batch1_41,B1 Hold-out,968.463231156151,batch1,8C(15%)-3.6C,8C(15%)-3.6C,0,1051.0,False,7.8531654466079,-7.8531654466079
batch2_0,Batch 2,657.7517270010158,batch2,5.2C(58%)-4C,5.2C(58%)-4C,0,477.0,False,37.89344381572657,37.89344381572657
batch2_1,Batch 2,608.2271100954724,batch2,5.6C(26%)-4.5C,5.6C(26%)-4.5C,0,491.0,False,23.875175172193973,23.875175172193973
batch2_2,Batch 2,564.5200230831083,batch2,5.2C(50%)-4.25C,5.2C(50%)-4.25C,0,424.0,False,33.14151487809158,33.14151487809158
batch2_3,Batch 2,512.182304229621,batch2,4.65C(44%)-5C,4.65C(44%)-5C,0,499.0,False,2.64174433459338,2.64174433459338
batch2_4,Batch 2,568.7809494303107,batch2,4.65C(69%)-6C,4.65C(69%)-6C,0,444.0,False,28.10381743925916,28.10381743925916
batch2_5,Batch 2,497.41737945619013,batch2,3.6C(30%)-6C,3.6C(30%)-6C,0,416.0,False,19.571485446199553,19.571485446199553
batch2_6,Batch 2,538.0501903645008,batch2,3.6C(9%)-5C,3.6C(9%)-5C,0,393.0,False,36.90844538536917,36.90844538536917
batch2_7,Batch 2,1103.4982144029798,batch2,4.8C(80%)-4.8C-newstructure,4.8C(80%)-4.8C,1,777.0,False,42.02036221402572,42.02036221402572
batch2_8,Batch 2,991.3696167783153,batch2,5.2C(58%)-4C-newstructure,5.2C(58%)-4C,1,904.0,False,9.664780617070274,9.664780617070274
batch2_9,Batch 2,1222.8985276202077,batch2,5.6C(26%)-4.5C-newstructure,5.6C(26%)-4.5C,1,791.0,False,54.60158376993776,54.60158376993776
batch2_10,Batch 2,632.1649063694327,batch2,4.8C(80%)-4.8C,4.8C(80%)-4.8C,0,492.0,False,28.48880210760828,28.48880210760828
batch2_11,Batch 2,507.7786380011422,batch2,5.2C(50%)-4.25C,5.2C(50%)-4.25C,0,449.0,False,13.091010690677551,13.091010690677551
batch2_12,Batch 2,506.342606792921,batch2,4.65C(44%)-5C,4.65C(44%)-5C,0,466.0,False,8.657211758137555,8.657211758137555
batch2_13,Batch 2,603.1058802718491,batch2,4.65C(69%)-6C,4.65C(69%)-6C,0,460.0,False,31.1099739721411,31.1099739721411
batch2_14,Batch 2,474.97972220024116,batch2,3.6C(30%)-6C,3.6C(30%)-6C,0,426.0,False,11.49758737094863,11.49758737094863
batch2_15,Batch 2,502.73701882902515,batch2,3.6C(9%)-5C,3.6C(9%)-5C,0,396.0,False,26.953792633592208,26.953792633592208
batch2_16,Batch 2,673.9022566142717,batch2,4.8C(80%)-4.8C,4.8C(80%)-4.8C,0,472.0,False,42.77590182505756,42.77590182505756
batch2_17,Batch 2,633.820032346851,batch2,5.6C(26%)-4.5C,5.6C(26%)-4.5C,0,471.0,False,34.56900899083885,34.56900899083885
batch2_18,Batch 2,596.0015028434412,batch2,5.2C(50%)-4.25C,5.2C(50%)-4.25C,0,449.0,False,32.739755644418985,32.739755644418985
batch2_19,Batch 2,507.9675447834527,batch2,6C(60%)-3C,6C(60%)-3C,0,392.0,False,29.583557342717523,29.583557342717523
batch2_20,Batch 2,552.2614557616203,batch2,5.2C(58%)-4C,5.2C(58%)-4C,0,489.0,False,12.936903018736249,12.936903018736249
batch2_21,Batch 2,559.2003032944216,batch2,6C(60%)-3C,6C(60%)-3C,0,408.0,False,37.0588978662798,37.0588978662798
batch2_24,Batch 2,652.7494054081116,batch2,4.8C(80%)-4.8C,4.8C(80%)-4.8C,0,514.0,False,26.994047744768785,26.994047744768785
batch2_25,Batch 2,641.9894635347079,batch2,5.2C(58%)-4C,5.2C(58%)-4C,0,493.0,False,30.22098651819632,30.22098651819632
batch2_26,Batch 2,593.8157379726546,batch2,5.6C(26%)-4.5C,5.6C(26%)-4.5C,0,450.0,False,31.959052882812127,31.959052882812127
batch2_27,Batch 2,551.3748800793,batch2,5.2C(50%)-4.25C,5.2C(50%)-4.25C,0,474.0,False,16.32381436272153,16.32381436272153
batch2_28,Batch 2,531.7952248537166,batch2,4.8C(80%)-4.8C,4.8C(80%)-4.8C,0,437.0,False,21.692271133573595,21.692271133573595
batch2_29,Batch 2,522.3935201765203,batch2,5.2C(58%)-4C,5.2C(58%)-4C,0,452.0,False,15.573787649672626,15.573787649672626
batch2_30,Batch 2,523.4373835821673,batch2,5.6C(26%)-4.5C,5.6C(26%)-4.5C,0,412.0,False,27.04790863644837,27.04790863644837
batch2_31,Batch 2,586.8469887004937,batch2,5.6C(26%)-4.5C,5.6C(26%)-4.5C,0,425.0,False,38.081644400116176,38.081644400116176
batch2_32,Batch 2,985.8465051510381,batch2,4.8C(80%)-4.8C-newstructure,4.8C(80%)-4.8C,1,809.0,False,21.859889388261813,21.859889388261813
batch2_33,Batch 2,1041.347949496397,batch2,5.2C(58%)-4C-newstructure,5.2C(58%)-4C,1,1140.0,False,8.653688640666935,-8.653688640666935
batch2_34,Batch 2,1151.7505726082288,batch2,5.6C(26%)-4.5C-newstructure,5.6C(26%)-4.5C,1,1186.0,False,2.887810066759796,-2.887810066759796
batch2_41,Batch 2,508.63673288547415,batch2,5.6C(26%)-4.5C,5.6C(26%)-4.5C,0,442.0,False,15.076183910740758,15.076183910740758
batch2_42,Batch 2,541.75960521591,batch2,5.2C(50%)-4.25C,5.2C(50%)-4.25C,0,474.0,False,14.295275362006336,14.295275362006336
batch2_43,Batch 2,1222.8397879778304,batch2,4.8C(80%)-4.8C-newstructure,4.8C(80%)-4.8C,1,1029.0,False,18.83768590649469,18.83768590649469
batch2_44,Batch 2,1400.7728878400133,batch2,5.2C(58%)-4C-newstructure,5.2C(58%)-4C,1,841.0,False,66.56039094411572,66.56039094411572
batch2_45,Batch 2,1179.8850865586044,batch2,5.6C(26%)-4.5C-newstructure,5.6C(26%)-4.5C,1,997.0,False,18.343539273681483,18.343539273681483
batch2_46,Batch 2,671.4840140868331,batch2,4.8C(80%)-4.8C,4.8C(80%)-4.8C,0,503.0,False,33.49582785026503,33.49582785026503
batch3_0,Batch 3,1017.4999639138717,batch3,5C(67%)-4C-newstructure,5C(67%)-4C,1,1009.0,False,0.8424146594521049,0.8424146594521049
batch3_1,Batch 3,1046.0224131829273,batch3,5.3C(54%)-4C-newstructure,5.3C(54%)-4C,1,1063.0,False,1.5971389291695892,-1.5971389291695892
batch3_2,Batch 3,680.9021285159668,batch3,5.6C(19%)-4.6C-newstructure,5.6C(19%)-4.6C,1,1267.0,False,46.25871124578005,-46.25871124578005
batch3_3,Batch 3,875.7229197397022,batch3,5.6C(36%)-4.3C-newstructure,5.6C(36%)-4.3C,1,1115.0,False,21.459827826035678,-21.459827826035678
batch3_4,Batch 3,998.1787840516163,batch3,5.6C(19%)-4.6C-newstructure,5.6C(19%)-4.6C,1,1048.0,False,4.753932819502264,-4.753932819502264
batch3_5,Batch 3,886.2740986150324,batch3,5.6C(36%)-4.3C-newstructure,5.6C(36%)-4.3C,1,828.0,False,7.037934615342072,7.037934615342072
batch3_6,Batch 3,544.0282669797512,batch3,3.7C(31%)-5.9C-newstructure,3.7C(31%)-5.9C,1,667.0,False,18.43654168219623,-18.43654168219623
batch3_7,Batch 3,1257.5049454805635,batch3,4.8C(80%)-4.8C-newstructure,4.8C(80%)-4.8C,1,1836.0,False,31.508445235263427,-31.508445235263427
batch3_8,Batch 3,911.8805213458288,batch3,5C(67%)-4C-newstructure,5C(67%)-4C,1,828.0,False,10.130497747080776,10.130497747080776
batch3_9,Batch 3,877.6923283304266,batch3,5.3C(54%)-4C-newstructure,5.3C(54%)-4C,1,1039.0,False,15.525281200151436,-15.525281200151436
batch3_10,Batch 3,1144.390574571736,batch3,4.8C(80%)-4.8C-newstructure,4.8C(80%)-4.8C,1,1078.0,False,6.158680386988488,6.158680386988488
batch3_11,Batch 3,803.7791099719062,batch3,5.6C(19%)-4.6C-newstructure,5.6C(19%)-4.6C,1,817.0,False,1.618223993646729,-1.618223993646729
batch3_12,Batch 3,886.3150204479572,batch3,5.6C(36%)-4.3C-newstructure,5.6C(36%)-4.3C,1,932.0,False,4.901821840347942,-4.901821840347942
batch3_13,Batch 3,898.8329268970662,batch3,5.6C(19%)-4.6C-newstructure,5.6C(19%)-4.6C,1,816.0,False,10.151093982483598,10.151093982483598
batch3_14,Batch 3,895.1077235448578,batch3,5.6C(36%)-4.3C-newstructure,5.6C(36%)-4.3C,1,858.0,False,4.324909504062678,4.324909504062678
batch3_15,Batch 3,890.9192371126142,batch3,5.9C(15%)-4.6C-newstructure,5.9C(15%)-4.6C,1,876.0,False,1.7031092594308397,1.7031092594308397
batch3_16,Batch 3,1314.9120554546523,batch3,4.8C(80%)-4.8C-newstructure,4.8C(80%)-4.8C,1,1638.0,False,19.724538739032216,-19.724538739032216
batch3_17,Batch 3,1123.4044724589166,batch3,5.3C(54%)-4C-newstructure,5.3C(54%)-4C,1,1315.0,False,14.570002094378962,-14.570002094378962
batch3_18,Batch 3,1038.5437936946712,batch3,5.6C(19%)-4.6C-newstructure,5.6C(19%)-4.6C,1,1146.0,False,9.376632312855918,-9.376632312855918
batch3_19,Batch 3,1021.0648961655469,batch3,5.6C(36%)-4.3C-newstructure,5.6C(36%)-4.3C,1,1155.0,False,11.596112886099837,-11.596112886099837
batch3_20,Batch 3,888.7742388272025,batch3,5C(67%)-4C-newstructure,5C(67%)-4C,1,813.0,False,9.320324578991691,9.320324578991691
batch3_21,Batch 3,639.7660567130278,batch3,3.7C(31%)-5.9C-newstructure,3.7C(31%)-5.9C,1,772.0,False,17.12874913043682,-17.12874913043682
batch3_22,Batch 3,851.7293816127684,batch3,5.9C(60%)-3.1C-newstructure,5.9C(60%)-3.1C,1,1002.0,False,14.997067703316526,-14.997067703316526
batch3_24,Batch 3,838.1459136447794,batch3,5C(67%)-4C-newstructure,5C(67%)-4C,1,825.0,False,1.5934440781550785,1.5934440781550785
batch3_25,Batch 3,870.939317192237,batch3,5.3C(54%)-4C-newstructure,5.3C(54%)-4C,1,989.0,False,11.937379454778867,-11.937379454778867
batch3_26,Batch 3,995.7598468547662,batch3,5.6C(19%)-4.6C-newstructure,5.6C(19%)-4.6C,1,1028.0,False,3.136201667824296,-3.136201667824296
batch3_27,Batch 3,882.2104452820996,batch3,5.6C(36%)-4.3C-newstructure,5.6C(36%)-4.3C,1,850.0,False,3.7894641508352485,3.7894641508352485
batch3_28,Batch 3,493.1859948369041,batch3,3.7C(31%)-5.9C-newstructure,3.7C(31%)-5.9C,1,541.0,False,8.838078588372621,-8.838078588372621
batch3_29,Batch 3,857.481173117009,batch3,5.9C(15%)-4.6C-newstructure,5.9C(15%)-4.6C,1,858.0,False,0.06046933368193392,-0.06046933368193392
batch3_30,Batch 3,915.0821821486801,batch3,5.3C(54%)-4C-newstructure,5.3C(54%)-4C,1,935.0,False,2.1302478985368887,-2.1302478985368887
batch3_31,Batch 3,772.694986158173,batch3,5.9C(60%)-3.1C-newstructure,5.9C(60%)-3.1C,1,731.0,False,5.703828475810265,5.703828475810265
batch3_33,Batch 3,1081.06810395978,batch3,5C(67%)-4C-newstructure,5C(67%)-4C,1,1284.0,False,15.804664800640182,-15.804664800640182
batch3_34,Batch 3,1052.0357170004186,batch3,5.3C(54%)-4C-newstructure,5.3C(54%)-4C,1,1158.0,False,9.15062892915211,-9.15062892915211
batch3_35,Batch 3,1015.6569428102092,batch3,5.6C(19%)-4.6C-newstructure,5.6C(19%)-4.6C,1,1093.0,False,7.076217492204097,-7.076217492204097
batch3_36,Batch 3,958.7581064889308,batch3,5.6C(36%)-4.3C-newstructure,5.6C(36%)-4.3C,1,923.0,False,3.8741177127769038,3.8741177127769038
batch3_37,Batch 3,535.2818265138217,batch3,4.8C(80%)-4.8C-newstructure,4.8C(80%)-4.8C,1,1390.0,False,61.49051607814232,-61.49051607814232
batch3_38,Batch 3,1161.0312415260312,batch3,5C(67%)-4C-newstructure,5C(67%)-4C,1,1935.0,False,39.998385450851096,-39.998385450851096
batch3_39,Batch 3,1004.0525223797644,batch3,5.3C(54%)-4C-newstructure,5.3C(54%)-4C,1,1156.0,False,13.144245468878516,-13.144245468878516
batch3_40,Batch 3,986.2485146894993,batch3,5.6C(19%)-4.6C-newstructure,5.6C(19%)-4.6C,1,796.0,False,23.90056717204765,23.90056717204765
batch3_41,Batch 3,865.0337352649157,batch3,5.6C(36%)-4.3C-newstructure,5.6C(36%)-4.3C,1,786.0,False,10.055182603678839,10.055182603678839
batch3_42,Batch 3,387.5697861968567,batch3,4.8C(80%)-4.8C-newstructure,4.8C(80%)-4.8C,1,1642.0,False,76.39648074318778,-76.39648074318778
batch3_43,Batch 3,659.8358787656484,batch3,5C(67%)-4C-newstructure,5C(67%)-4C,1,1046.0,False,36.918176026228636,-36.918176026228636
batch3_44,Batch 3,945.7956048175095,batch3,5.3C(54%)-4C-newstructure,5.3C(54%)-4C,1,940.0,False,0.6165537039903677,0.6165537039903677
batch3_45,Batch 3,1317.1001328614932,batch3,4.8C(80%)-4.8C-newstructure,4.8C(80%)-4.8C,1,1801.0,False,26.868399063770507,-26.868399063770507
